1,New York-NY,-74.0059413,40.7127837
2,Los Angeles-CA,-118.2436849,34.0522342
3,Chicago-IL,-87.6297982,41.8781136
4,Houston-TX,-95.3698028,29.7604267
5,Philadelphia-PA,-75.1652215,39.9525839
6,Phoenix-AZ,-112.0740373,33.4483771
7,San Antonio-TX,-98.4936282,29.4241219
8,San Diego-CA,-117.1610838,32.715738
9,Dallas-TX,-96.7969879,32.7766642
10,San Jose-CA,-121.8863286,37.3382082
11,Austin-TX,-97.7430608,30.267153
12,Indianapolis-IN,-86.158068,39.768403
13,Jacksonville-FL,-81.655651,30.3321838
14,San Francisco-CA,-122.4194155,37.7749295
15,Columbus-OH,-82.9987942,39.9611755
16,Charlotte-NC,-80.8431267,35.2270869
17,Fort Worth-TX,-97.3307658,32.7554883
18,Detroit-MI,-83.0457538,42.331427
19,El Paso-TX,-106.4424559,31.7775757
20,Memphis-TN,-90.0489801,35.1495343
21,Seattle-WA,-122.3320708,47.6062095
22,Denver-CO,-104.990251,39.7392358
23,Washington-DC,-77.0368707,38.9071923
24,Boston-MA,-71.0588801,42.3600825
25,Nashville-TN,-86.7816016,36.1626638
26,Baltimore-MD,-76.6121893,39.2903848
27,Oklahoma City-OK,-97.5164276,35.4675602
28,Louisville-KY,-85.7584557,38.2526647
29,Portland-OR,-122.6764816,45.5230622
30,Las Vegas-NV,-115.1398296,36.1699412
31,Milwaukee-WI,-87.9064736,43.0389025
32,Albuquerque-NM,-106.6055534,35.0853336
33,Tucson-AZ,-110.926479,32.2217429
34,Fresno-CA,-119.7725868,36.7468422
35,Sacramento-CA,-121.4943996,38.5815719
36,Long Beach-CA,-118.1937395,33.7700504
37,Kansas City-MO,-94.5785667,39.0997265
38,Mesa-AZ,-111.8314724,33.4151843
39,Virginia Beach-VA,-75.977985,36.8529263
40,Atlanta-GA,-84.3879824,33.7489954
41,Colorado Springs-CO,-104.8213634,38.8338816
42,Omaha-NE,-95.9979883,41.2523634
43,Raleigh-NC,-78.6381787,35.7795897
44,Miami-FL,-80.1917902,25.7616798
45,Oakland-CA,-122.2711137,37.8043637
46,Minneapolis-MN,-93.2650108,44.977753
47,Tulsa-OK,-95.992775,36.1539816
48,Cleveland-OH,-81.6943605,41.49932
49,Wichita-KS,-97.336111,37.688889
50,Arlington-TX,-97.1080656,32.735687
51,New Orleans-LA,-90.0715323,29.9510658
52,Bakersfield-CA,-119.0187125,35.3732921
53,Tampa-FL,-82.4571776,27.950575
54,Honolulu-HI,-157.8583333,21.3069444
55,Aurora-CO,-104.8319195,39.7294319
56,Anaheim-CA,-117.9145036,33.8352932
57,Santa Ana-CA,-117.8678338,33.7455731
58,St. Louis-MO,-90.1994042,38.6270025
59,Riverside-CA,-117.3961564,33.9533487
60,Corpus Christi-TX,-97.396381,27.8005828
61,Lexington-Fayette-KY,-84.5037164,38.0405837
62,Pittsburgh-PA,-79.9958864,40.4406248
63,Anchorage-AK,-149.9002778,61.2180556
64,Stockton-CA,-121.2907796,37.9577016
65,Cincinnati-OH,-84.5120196,39.1031182
66,St. Paul-MN,-93.0899578,44.9537029
67,Toledo-OH,-83.555212,41.6639383
68,Greensboro-NC,-79.7919754,36.0726354
69,Newark-NJ,-74.1723667,40.735657
70,Plano-TX,-96.6988856,33.0198431
71,Henderson-NV,-114.9817213,36.0395247
72,Lincoln-NE,-96.6851982,40.8257625
73,Buffalo-NY,-78.8783689,42.8864468
74,Jersey City-NJ,-74.0776417,40.7281575
75,Chula Vista-CA,-117.0841955,32.6400541
76,Fort Wayne-IN,-85.1393513,41.079273
77,Orlando-FL,-81.3792365,28.5383355
78,St. Petersburg-FL,-82.64,27.773056
79,Chandler-AZ,-111.8412502,33.3061605
80,Laredo-TX,-99.4803241,27.5305671
81,Norfolk-VA,-76.2858726,36.8507689
82,Durham-NC,-78.898619,35.9940329
83,Madison-WI,-89.4012302,43.0730517
84,Lubbock-TX,-101.8551665,33.5778631
85,Irvine-CA,-117.7946942,33.6839473
86,Winston-Salem-NC,-80.244216,36.0998596
87,Glendale-AZ,-112.1859866,33.5386523
88,Garland-TX,-96.6388833,32.912624
89,Hialeah-FL,-80.2781057,25.8575963
90,Reno-NV,-119.8138027,39.5296329
91,Chesapeake-VA,-76.2874927,36.7682088
92,Gilbert-AZ,-111.789027,33.3528264
93,Baton Rouge-LA,-91.1403196,30.4582829
94,Irving-TX,-96.9488945,32.8140177
95,Scottsdale-AZ,-111.9260519,33.4941704
96,North Las Vegas-NV,-115.1175013,36.1988592
97,Fremont-CA,-121.9885719,37.5482697
98,Boise City-ID,-116.2146068,43.6187102
99,Richmond-VA,-77.4360481,37.5407246
100,San Bernardino-CA,-117.2897652,34.1083449
101,Birmingham-AL,-86.80249,33.5206608
102,Spokane-WA,-117.4260466,47.6587802
103,Rochester-NY,-77.6109219,43.16103
104,Des Moines-IA,-93.6091064,41.6005448
105,Modesto-CA,-120.9968782,37.6390972
106,Fayetteville-NC,-78.8783585,35.0526641
107,Tacoma-WA,-122.4442906,47.2528768
108,Oxnard-CA,-119.1770516,34.1975048
109,Fontana-CA,-117.435048,34.0922335
110,Columbus-GA,-84.9877094,32.4609764
111,Montgomery-AL,-86.2999689,32.3668052
112,Moreno Valley-CA,-117.2296717,33.9424658
113,Shreveport-LA,-93.7501789,32.5251516
114,Aurora-IL,-88.3200715,41.7605849
115,Yonkers-NY,-73.8987469,40.9312099
116,Akron-OH,-81.5190053,41.0814447
117,Huntington Beach-CA,-117.9992265,33.660297
118,Little Rock-AR,-92.2895948,34.7464809
119,Augusta-Richmond County-GA,-82.0105148,33.4734978
120,Amarillo-TX,-101.8312969,35.2219971
121,Glendale-CA,-118.255075,34.1425078
122,Mobile-AL,-88.0398912,30.6953657
123,Grand Rapids-MI,-85.6680863,42.9633599
124,Salt Lake City-UT,-111.8910474,40.7607793
125,Tallahassee-FL,-84.2807329,30.4382559
126,Huntsville-AL,-86.5861037,34.7303688
127,Grand Prairie-TX,-96.9977846,32.7459645
128,Knoxville-TN,-83.9207392,35.9606384
129,Worcester-MA,-71.8022934,42.2625932
130,Newport News-VA,-76.4730122,37.0870821
131,Brownsville-TX,-97.4974838,25.9017472
132,Overland Park-KS,-94.6707917,38.9822282
133,Santa Clarita-CA,-118.542586,34.3916641
134,Providence-RI,-71.4128343,41.8239891
135,Garden Grove-CA,-117.9414477,33.7739053
136,Chattanooga-TN,-85.3096801,35.0456297
137,Oceanside-CA,-117.3794834,33.1958696
138,Jackson-MS,-90.1848103,32.2987573
139,Fort Lauderdale-FL,-80.1373174,26.1224386
140,Santa Rosa-CA,-122.7140548,38.440429
141,Rancho Cucamonga-CA,-117.5931084,34.1063989
142,Port St. Lucie-FL,-80.3582261,27.2730492
143,Tempe-AZ,-111.9400054,33.4255104
144,Ontario-CA,-117.6508876,34.0633443
145,Vancouver-WA,-122.6614861,45.6387281
146,Cape Coral-FL,-81.9495331,26.5628537
147,Sioux Falls-SD,-96.7311034,43.5445959
148,Springfield-MO,-93.2922989,37.2089572
149,Peoria-AZ,-112.2373779,33.5805955
150,Pembroke Pines-FL,-80.2962555,26.007765
151,Elk Grove-CA,-121.3716178,38.4087993
152,Salem-OR,-123.0350963,44.9428975
153,Lancaster-CA,-118.1541632,34.6867846
154,Corona-CA,-117.5664384,33.8752935
155,Eugene-OR,-123.0867536,44.0520691
156,Palmdale-CA,-118.1164613,34.5794343
157,Salinas-CA,-121.6555013,36.6777372
158,Springfield-MA,-72.589811,42.1014831
159,Pasadena-TX,-95.2091006,29.6910625
160,Fort Collins-CO,-105.084423,40.5852602
161,Hayward-CA,-122.0807964,37.6688205
162,Pomona-CA,-117.7499909,34.055103
163,Cary-NC,-78.7811169,35.79154
164,Rockford-IL,-89.0939952,42.2711311
165,Alexandria-VA,-77.0469214,38.8048355
166,Escondido-CA,-117.086421,33.1192068
167,McKinney-TX,-96.6397822,33.1972465
168,Kansas City-KS,-94.6274636,39.114053
169,Joliet-IL,-88.0817251,41.525031
170,Sunnyvale-CA,-122.0363496,37.36883
171,Torrance-CA,-118.3406288,33.8358492
172,Bridgeport-CT,-73.1951767,41.1865478
173,Lakewood-CO,-105.0813734,39.7047095
174,Hollywood-FL,-80.1494901,26.0112014
175,Paterson-NJ,-74.171811,40.9167654
176,Naperville-IL,-88.1535352,41.7508391
177,Syracuse-NY,-76.1474244,43.0481221
178,Mesquite-TX,-96.5991593,32.7667955
179,Dayton-OH,-84.1916069,39.7589478
180,Savannah-GA,-81.0998342,32.0835407
181,Clarksville-TN,-87.3594528,36.5297706
182,Orange-CA,-117.8531119,33.7877944
183,Pasadena-CA,-118.1445155,34.1477849
184,Fullerton-CA,-117.9242966,33.8703596
185,Killeen-TX,-97.7277959,31.1171194
186,Frisco-TX,-96.8236116,33.1506744
187,Hampton-VA,-76.3452218,37.0298687
188,McAllen-TX,-98.2300124,26.2034071
189,Warren-MI,-83.0146526,42.5144566
190,Bellevue-WA,-122.2006786,47.610377
191,West Valley City-UT,-112.0010501,40.6916132
192,Columbia-SC,-81.0348144,34.0007104
193,Olathe-KS,-94.8191285,38.8813958
194,Sterling Heights-MI,-83.0302033,42.5803122
195,New Haven-CT,-72.9278835,41.308274
196,Miramar-FL,-80.3035602,25.9860762
197,Waco-TX,-97.1466695,31.549333
198,Thousand Oaks-CA,-118.8375937,34.1705609
199,Cedar Rapids-IA,-91.6656232,41.9778795
200,Charleston-SC,-79.9310512,32.7764749
201,Visalia-CA,-119.2920585,36.3302284
202,Topeka-KS,-95.6890185,39.0558235
203,Elizabeth-NJ,-74.2107006,40.6639916
204,Gainesville-FL,-82.3248262,29.6516344
205,Thornton-CO,-104.9719243,39.8680412
206,Roseville-CA,-121.2880059,38.7521235
207,Carrollton-TX,-96.8899636,32.9756415
208,Coral Springs-FL,-80.2706044,26.271192
209,Stamford-CT,-73.5387341,41.0534302
210,Simi Valley-CA,-118.781482,34.2694474
211,Concord-CA,-122.0310733,37.9779776
212,Hartford-CT,-72.6850932,41.7637111
213,Kent-WA,-122.2348431,47.3809335
214,Lafayette-LA,-92.0198427,30.2240897
215,Midland-TX,-102.0779146,31.9973456
216,Surprise-AZ,-112.3679279,33.6292337
217,Denton-TX,-97.1330683,33.2148412
218,Victorville-CA,-117.2927641,34.5362184
219,Evansville-IN,-87.5710898,37.9715592
220,Santa Clara-CA,-121.9552356,37.3541079
221,Abilene-TX,-99.7331439,32.4487364
222,Athens-Clarke County-GA,-83.357567,33.9519347
223,Vallejo-CA,-122.2566367,38.1040864
224,Allentown-PA,-75.4901833,40.6084305
225,Norman-OK,-97.4394777,35.2225668
226,Beaumont-TX,-94.1265562,30.080174
227,Independence-MO,-94.4155068,39.0911161
228,Murfreesboro-TN,-86.39027,35.8456213
229,Ann Arbor-MI,-83.7430378,42.2808256
230,Springfield-IL,-89.6501481,39.7817213
231,Berkeley-CA,-122.272747,37.8715926
232,Peoria-IL,-89.5889864,40.6936488
233,Provo-UT,-111.6585337,40.2338438
234,El Monte-CA,-118.0275667,34.0686206
235,Columbia-MO,-92.3340724,38.9517053
236,Lansing-MI,-84.5555347,42.732535
237,Fargo-ND,-96.7898034,46.8771863
238,Downey-CA,-118.1331593,33.9401088
239,Costa Mesa-CA,-117.9186689,33.6411316
240,Wilmington-NC,-77.9447102,34.2257255
241,Arvada-CO,-105.0874842,39.8027644
242,Inglewood-CA,-118.3531311,33.9616801
243,Miami Gardens-FL,-80.2456045,25.9420377
244,Carlsbad-CA,-117.3505939,33.1580933
245,Westminster-CO,-105.0372046,39.8366528
246,Rochester-MN,-92.4801989,44.0121221
247,Odessa-TX,-102.3676431,31.8456816
248,Manchester-NH,-71.4547891,42.9956397
249,Elgin-IL,-88.2825668,42.0354084
250,West Jordan-UT,-111.9391031,40.6096698
251,Round Rock-TX,-97.678896,30.5082551
252,Clearwater-FL,-82.8001026,27.9658533
253,Waterbury-CT,-73.0514965,41.5581525
254,Gresham-OR,-122.4302013,45.5001357
255,Fairfield-CA,-122.0399663,38.2493581
256,Billings-MT,-108.5006904,45.7832856
257,Lowell-MA,-71.3161718,42.6334247
258,San Buenaventura (Ventura)-CA,-119.2290316,34.274646
259,Pueblo-CO,-104.6091409,38.2544472
260,High Point-NC,-80.0053176,35.9556923
261,West Covina-CA,-117.9389526,34.0686208
262,Richmond-CA,-122.3477486,37.9357576
263,Murrieta-CA,-117.2139232,33.5539143
264,Cambridge-MA,-71.1097335,42.3736158
265,Antioch-CA,-121.805789,38.0049214
266,Temecula-CA,-117.1483648,33.4936391
267,Norwalk-CA,-118.081733,33.9022367
268,Centennial-CO,-104.8771726,39.5807452
269,Everett-WA,-122.2020794,47.9789848
270,Palm Bay-FL,-80.5886646,28.0344621
271,Wichita Falls-TX,-98.4933873,33.9137085
272,Green Bay-WI,-88.019826,44.519159
273,Daly City-CA,-122.4702079,37.6879241
274,Burbank-CA,-118.3089661,34.1808392
275,Richardson-TX,-96.7298519,32.9483335
276,Pompano Beach-FL,-80.1247667,26.2378597
277,North Charleston-SC,-79.9748103,32.8546197
278,Broken Arrow-OK,-95.7974526,36.060949
279,Boulder-CO,-105.2705456,40.0149856
280,West Palm Beach-FL,-80.0533746,26.7153424
281,Santa Maria-CA,-120.4357191,34.9530337
282,El Cajon-CA,-116.9625269,32.7947731
283,Davenport-IA,-90.5776367,41.5236437
284,Rialto-CA,-117.3703235,34.1064001
285,Las Cruces-NM,-106.7636538,32.3199396
286,San Mateo-CA,-122.3255254,37.5629917
287,Lewisville-TX,-96.994174,33.046233
288,South Bend-IN,-86.2519898,41.6763545
289,Lakeland-FL,-81.9498042,28.0394654
290,Erie-PA,-80.085059,42.1292241
291,Tyler-TX,-95.3010624,32.3512601
292,Pearland-TX,-95.2860474,29.5635666
293,College Station-TX,-96.3344068,30.627977
294,Kenosha-WI,-87.8211854,42.5847425
295,Sandy Springs-GA,-84.3733147,33.9304352
296,Clovis-CA,-119.7029194,36.8252277
297,Flint-MI,-83.6874562,43.0125274
298,Roanoke-VA,-79.9414266,37.2709704
299,Albany-NY,-73.7562317,42.6525793
300,Jurupa Valley-CA,-117.4854802,33.9971974
301,Compton-CA,-118.2200712,33.8958492
302,San Angelo-TX,-100.4370375,31.4637723
303,Hillsboro-OR,-122.989827,45.5228939
304,Lawton-OK,-98.3959291,34.6035669
305,Renton-WA,-122.2170661,47.4828776
306,Vista-CA,-117.2425355,33.2000368
307,Davie-FL,-80.2521157,26.0764783
308,Greeley-CO,-104.7091322,40.4233142
309,Mission Viejo-CA,-117.6719953,33.6000232
310,Portsmouth-VA,-76.2982742,36.8354258
311,Dearborn-MI,-83.1763145,42.3222599
312,South Gate-CA,-118.2120161,33.954737
313,Tuscaloosa-AL,-87.5691735,33.2098407
314,Livonia-MI,-83.3527097,42.36837
315,New Bedford-MA,-70.934205,41.6362152
316,Vacaville-CA,-121.9877444,38.3565773
317,Brockton-MA,-71.0183787,42.0834335
318,Roswell-GA,-84.3615555,34.0232431
319,Beaverton-OR,-122.8037102,45.487062
320,Quincy-MA,-71.0022705,42.2528772
321,Sparks-NV,-119.7526886,39.5349112
322,Yakima-WA,-120.5058987,46.6020711
323,Lee's Summit-MO,-94.3821724,38.9108408
324,Federal Way-WA,-122.3126222,47.3223221
325,Carson-CA,-118.281693,33.8316745
326,Santa Monica-CA,-118.4911912,34.0194543
327,Hesperia-CA,-117.3008784,34.4263886
328,Allen-TX,-96.6705503,33.1031744
329,Rio Rancho-NM,-106.6630437,35.2327544
330,Yuma-AZ,-114.6276916,32.6926512
331,Westminster-CA,-117.9939921,33.7513419
332,Orem-UT,-111.6946475,40.2968979
333,Lynn-MA,-70.9494938,42.466763
334,Redding-CA,-122.3916754,40.5865396
335,Spokane Valley-WA,-117.2393748,47.6732281
336,Miami Beach-FL,-80.1300455,25.790654
337,League City-TX,-95.0949303,29.5074538
338,Lawrence-KS,-95.2352501,38.9716689
339,Santa Barbara-CA,-119.6981901,34.4208305
340,Plantation-FL,-80.2331036,26.1275862
341,Sandy-UT,-111.8389726,40.5649781
342,Sunrise-FL,-80.256595,26.1669711
343,Macon-GA,-83.6324022,32.8406946
344,Longmont-CO,-105.1019275,40.1672068
345,Boca Raton-FL,-80.1289321,26.3683064
346,San Marcos-CA,-117.1661449,33.1433723
347,Greenville-NC,-77.3663538,35.612661
348,Waukegan-IL,-87.8447938,42.3636331
349,Fall River-MA,-71.1550451,41.7014912
350,Chico-CA,-121.8374777,39.7284944
351,Newton-MA,-71.2092214,42.3370413
352,San Leandro-CA,-122.1560768,37.7249296
353,Reading-PA,-75.9268747,40.3356483
354,Norwalk-CT,-73.4081575,41.117744
355,Fort Smith-AR,-94.3985475,35.3859242
356,Newport Beach-CA,-117.9289469,33.6189101
357,Asheville-NC,-82.5514869,35.5950581
358,Nashua-NH,-71.467566,42.7653662
359,Edmond-OK,-97.4780954,35.6528323
360,Whittier-CA,-118.032844,33.9791793
361,Nampa-ID,-116.5634624,43.5407172
362,Bloomington-MN,-93.2982799,44.840798
363,Deltona-FL,-81.2636738,28.9005446
364,Hawthorne-CA,-118.3525748,33.9164032
365,Duluth-MN,-92.1004852,46.7866719
366,Carmel-IN,-86.1180435,39.978371
367,Suffolk-VA,-76.5835621,36.7282054
368,Clifton-NJ,-74.1637553,40.8584328
369,Citrus Heights-CA,-121.2810611,38.7071247
370,Livermore-CA,-121.7680088,37.6818745
371,Tracy-CA,-121.4252227,37.7396513
372,Alhambra-CA,-118.1270146,34.095287
373,Kirkland-WA,-122.2087353,47.6814875
374,Trenton-NJ,-74.7429384,40.2170534
375,Ogden-UT,-111.9738304,41.223
376,Hoover-AL,-86.8113781,33.4053867
377,Cicero-IL,-87.7539448,41.8455877
378,Fishers-IN,-86.01335,39.9567548
379,Sugar Land-TX,-95.6349463,29.6196787
380,Danbury-CT,-73.4540111,41.394817
381,Meridian-ID,-116.3915131,43.6121087
382,Indio-CA,-116.2155619,33.7205771
383,Concord-NC,-80.579511,35.4087517
384,Menifee-CA,-117.185294,33.6971468
385,Champaign-IL,-88.2433829,40.1164204
386,Buena Park-CA,-117.9981181,33.8675143
387,Troy-MI,-83.1497751,42.6064095
388,O'Fallon-MO,-90.6998477,38.8106075
389,Johns Creek-GA,-84.198579,34.0289259
390,Bellingham-WA,-122.4781473,48.74908
391,Westland-MI,-83.400211,42.324204
392,Bloomington-IN,-86.5263857,39.165325
393,Sioux City-IA,-96.4003069,42.4999942
394,Warwick-RI,-71.4161671,41.7001009
395,Hemet-CA,-116.9719684,33.7475203
396,Longview-TX,-94.7404891,32.5007037
397,Farmington Hills-MI,-83.3677168,42.4989936
398,Bend-OR,-121.3153096,44.0581728
399,Lakewood-CA,-118.1339563,33.8536269
400,Merced-CA,-120.4829677,37.3021632
401,Mission-TX,-98.3252932,26.2159066
402,Chino-CA,-117.688944,34.0122346
403,Redwood City-CA,-122.2363548,37.4852152
404,Edinburg-TX,-98.1633432,26.3017374
405,Cranston-RI,-71.4372796,41.7798226
406,Parma-OH,-81.7229086,41.4047742
407,New Rochelle-NY,-73.7823549,40.9114882
408,Lake Forest-CA,-117.689218,33.6469661
409,Napa-CA,-122.286865,38.2975381
410,Hammond-IN,-87.5000412,41.5833688
411,Fayetteville-AR,-94.1574263,36.0625795
412,Bloomington-IL,-88.9936873,40.4842027
413,Avondale-AZ,-112.3496021,33.4355977
414,Somerville-MA,-71.0994968,42.3875968
415,Palm Coast-FL,-81.2078699,29.5844524
416,Bryan-TX,-96.3699632,30.6743643
417,Gary-IN,-87.3464271,41.5933696
418,Largo-FL,-82.7873244,27.9094665
419,Brooklyn Park-MN,-93.3563405,45.0941315
420,Tustin-CA,-117.826166,33.7458511
421,Racine-WI,-87.7828523,42.7261309
422,Deerfield Beach-FL,-80.0997657,26.3184123
423,Lynchburg-VA,-79.1422464,37.4137536
424,Mountain View-CA,-122.0838511,37.3860517
425,Medford-OR,-122.8755949,42.3265152
426,Lawrence-MA,-71.1631137,42.7070354
427,Bellflower-CA,-118.1170117,33.8816818
428,Melbourne-FL,-80.6081089,28.0836269
429,St. Joseph-MO,-94.846681,39.7674578
430,Camden-NJ,-75.1196199,39.9259463
431,St. George-UT,-113.5684164,37.0965278
432,Kennewick-WA,-119.1372338,46.2112458
433,Baldwin Park-CA,-117.9608978,34.0852868
434,Chino Hills-CA,-117.7325848,33.9898188
435,Alameda-CA,-122.2416355,37.7652065
436,Albany-GA,-84.155741,31.5785074
437,Arlington Heights-IL,-87.9806265,42.0883603
438,Scranton-PA,-75.6624122,41.408969
439,Evanston-IL,-87.6876969,42.0450722
440,Kalamazoo-MI,-85.5872286,42.2917069
441,Baytown-TX,-94.9774274,29.7355047
442,Upland-CA,-117.6483876,34.09751
443,Springdale-AR,-94.1288141,36.1867442
444,Bethlehem-PA,-75.3704579,40.6259316
445,Schaumburg-IL,-88.0834059,42.0333607
446,Mount Pleasant-SC,-79.8284258,32.8323225
447,Auburn-WA,-122.2284532,47.3073228
448,Decatur-IL,-88.9548001,39.8403147
449,San Ramon-CA,-121.9780153,37.7799273
450,Pleasanton-CA,-121.8746789,37.6624312
451,Wyoming-MI,-85.7053085,42.9133602
452,Lake Charles-LA,-93.2173758,30.2265949
453,Plymouth-MN,-93.4555093,45.0105194
454,Bolingbrook-IL,-88.0683955,41.6986416
455,Pharr-TX,-98.1836216,26.1947962
456,Appleton-WI,-88.4153847,44.2619309
457,Gastonia-NC,-81.1873005,35.262082
458,Folsom-CA,-121.1760583,38.6779591
459,Southfield-MI,-83.2218731,42.4733688
460,Rochester Hills-MI,-83.1499322,42.6583661
461,New Britain-CT,-72.7795419,41.6612104
462,Goodyear-AZ,-112.3576567,33.4353394
463,Canton-OH,-81.378447,40.7989473
464,Warner Robins-GA,-83.624201,32.6130007
465,Union City-CA,-122.0438298,37.5933918
466,Perris-CA,-117.2286478,33.7825194
467,Manteca-CA,-121.2160526,37.7974273
468,Iowa City-IA,-91.5301683,41.6611277
469,Jonesboro-AR,-90.704279,35.8422967
470,Wilmington-DE,-75.5397878,39.7390721
471,Lynwood-CA,-118.2114603,33.930293
472,Loveland-CO,-105.0749801,40.3977612
473,Pawtucket-RI,-71.3825558,41.878711
474,Boynton Beach-FL,-80.0905465,26.5317866
475,Waukesha-WI,-88.2314813,43.0116784
476,Gulfport-MS,-89.0928155,30.3674198
477,Apple Valley-CA,-117.1858759,34.5008311
478,Passaic-NJ,-74.1284764,40.8567662
479,Rapid City-SD,-103.2310149,44.0805434
480,Layton-UT,-111.9710529,41.0602216
481,Lafayette-IN,-86.8752869,40.4167022
482,Turlock-CA,-120.8465941,37.4946568
483,Muncie-IN,-85.3863599,40.1933767
484,Temple-TX,-97.342782,31.0982344
485,Missouri City-TX,-95.5377215,29.6185669
486,Redlands-CA,-117.1825381,34.0555693
487,Santa Fe-NM,-105.937799,35.6869752
488,Lauderhill-FL,-80.2133808,26.1403635
489,Milpitas-CA,-121.8995741,37.4323341
490,Palatine-IL,-88.03424,42.1103041
491,Missoula-MT,-113.996586,46.8787176
492,Rock Hill-SC,-81.0250784,34.9248667
493,Jacksonville-NC,-77.4302414,34.7540524
494,Franklin-TN,-86.8688899,35.9250637
495,Flagstaff-AZ,-111.651302,35.1982836
496,Flower Mound-TX,-97.0969552,33.0145673
497,Weston-FL,-80.3997748,26.1003654
498,Waterloo-IA,-92.3425775,42.492786
499,Union City-NJ,-74.2631635,40.6975898
500,Mount Vernon-NY,-73.8370786,40.9125992
501,Fort Myers-FL,-81.8723084,26.640628
502,Dothan-AL,-85.3904888,31.2232313
503,Rancho Cordova-CA,-121.302728,38.5890723
504,Redondo Beach-CA,-118.3884078,33.8491816
505,Jackson-TN,-88.8139469,35.6145169
506,Pasco-WA,-119.1005657,46.2395793
507,St. Charles-MO,-90.4974359,38.7881062
508,Eau Claire-WI,-91.4984941,44.811349
509,North Richland Hills-TX,-97.2289029,32.8342952
510,Bismarck-ND,-100.7837392,46.8083268
511,Yorba Linda-CA,-117.8131125,33.8886259
512,Kenner-LA,-90.2417434,29.9940924
513,Walnut Creek-CA,-122.0651819,37.9100783
514,Frederick-MD,-77.4105409,39.4142688
515,Oshkosh-WI,-88.5426136,44.0247062
516,Pittsburg-CA,-121.8846806,38.0279762
517,Palo Alto-CA,-122.1430195,37.4418834
518,Bossier City-LA,-93.7321228,32.5159852
519,Portland-ME,-70.2553259,43.661471
520,St. Cloud-MN,-94.1632404,45.5579451
521,Davis-CA,-121.7405167,38.5449065
522,South San Francisco-CA,-122.4077498,37.654656
523,Camarillo-CA,-119.0376023,34.2163937
524,North Little Rock-AR,-92.2670941,34.769536
525,Schenectady-NY,-73.9395687,42.8142432
526,Gaithersburg-MD,-77.2013705,39.1434406
527,Harlingen-TX,-97.6961026,26.1906306
528,Woodbury-MN,-92.9593797,44.9238552
529,Eagan-MN,-93.1668858,44.8041322
530,Yuba City-CA,-121.6169108,39.1404477
531,Maple Grove-MN,-93.4557877,45.0724642
532,Youngstown-OH,-80.6495194,41.0997803
533,Skokie-IL,-87.7416246,42.0324025
534,Kissimmee-FL,-81.407571,28.2919557
535,Johnson City-TN,-82.3534727,36.3134397
536,Victoria-TX,-97.0035982,28.8052674
537,San Clemente-CA,-117.6119925,33.4269728
538,Bayonne-NJ,-74.1143091,40.6687141
539,Laguna Niguel-CA,-117.7075526,33.5225261
540,East Orange-NJ,-74.2048677,40.767323
541,Shawnee-KS,-94.7151865,39.0228485
542,Homestead-FL,-80.4775569,25.4687224
543,Delray Beach-FL,-80.0728201,26.4614625
544,Rockville-MD,-77.1527578,39.0839973
545,Janesville-WI,-89.0187222,42.6827885
546,Conway-AR,-92.4421011,35.0886963
547,Pico Rivera-CA,-118.096735,33.9830688
548,Lorain-OH,-82.1823746,41.452819
549,Montebello-CA,-118.1137535,34.0165053
550,Lodi-CA,-121.2722194,38.1341477
551,New Braunfels-TX,-98.1244531,29.7030024
552,Marysville-WA,-122.1770818,48.0517637
553,Tamarac-FL,-80.2497707,26.2128609
554,Madera-CA,-120.0607176,36.9613356
555,Conroe-TX,-95.4560512,30.3118769
556,Santa Cruz-CA,-122.0307963,36.9741171
557,Eden Prairie-MN,-93.470786,44.8546856
558,Cheyenne-WY,-104.8202462,41.1399814
559,Daytona Beach-FL,-81.0228331,29.2108147
560,Alpharetta-GA,-84.2940899,34.0753762
561,Hamilton-OH,-84.5613355,39.3995008
562,Waltham-MA,-71.2356113,42.3764852
563,Coon Rapids-MN,-93.3030063,45.1732394
564,Haverhill-MA,-71.0772796,42.7762015
565,Council Bluffs-IA,-95.8608333,41.2619444
566,Taylor-MI,-83.2696509,42.240872
567,Utica-NY,-75.232664,43.100903
568,Ames-IA,-93.62,42.034722
569,La Habra-CA,-117.9461734,33.9319578
570,Encinitas-CA,-117.2919818,33.0369867
571,Bowling Green-KY,-86.4808043,36.9685219
572,Burnsville-MN,-93.2777226,44.7677424
573,Greenville-SC,-82.3940104,34.8526176
574,West Des Moines-IA,-93.711332,41.5772115
575,Cedar Park-TX,-97.8202888,30.505198
576,Tulare-CA,-119.3473379,36.2077288
577,Monterey Park-CA,-118.1228476,34.0625106
578,Vineland-NJ,-75.0259637,39.4863773
579,Terre Haute-IN,-87.4139092,39.4667034
580,North Miami-FL,-80.1867138,25.8900949
581,Mansfield-TX,-97.1416768,32.5631924
582,West Allis-WI,-88.0070315,43.0166806
583,Bristol-CT,-72.9492703,41.6717648
584,Taylorsville-UT,-111.9388258,40.6677248
585,Malden-MA,-71.066163,42.4250964
586,Meriden-CT,-72.8070435,41.5381535
587,Blaine-MN,-93.2349489,45.1607987
588,Wellington-FL,-80.2683571,26.6617635
589,Cupertino-CA,-122.0321823,37.3229978
590,Springfield-OR,-123.0220289,44.0462362
591,Rogers-AR,-94.1185366,36.3320196
592,St. Clair Shores-MI,-82.8963604,42.4974085
593,Gardena-CA,-118.3089624,33.8883487
594,Pontiac-MI,-83.2910468,42.6389216
595,National City-CA,-117.0991967,32.6781085
596,Grand Junction-CO,-108.5506486,39.0638705
597,Rocklin-CA,-121.2357828,38.7907339
598,Chapel Hill-NC,-79.0558445,35.9131996
599,Casper-WY,-106.313081,42.866632
600,Broomfield-CO,-105.0866504,39.9205411
601,Petaluma-CA,-122.6366524,38.232417
602,South Jordan-UT,-111.929658,40.5621704
603,Springfield-OH,-83.8088171,39.9242266
604,Great Falls-MT,-111.2833449,47.4941836
605,Lancaster-PA,-76.3055144,40.0378755
606,North Port-FL,-82.2359254,27.044224
607,Lakewood-WA,-122.518458,47.1717649
608,Marietta-GA,-84.5499327,33.952602
609,San Rafael-CA,-122.5310874,37.9735346
610,Royal Oak-MI,-83.1446485,42.4894801
611,Des Plaines-IL,-87.8833991,42.0333623
612,Huntington Park-CA,-118.2250725,33.9816812
613,La Mesa-CA,-117.0230839,32.7678287
614,Orland Park-IL,-87.8539425,41.6303103
615,Auburn-AL,-85.4807825,32.6098566
616,Lakeville-MN,-93.24272,44.6496868
617,Owensboro-KY,-87.1111676,37.7719074
618,Moore-OK,-97.4867028,35.3395079
619,Jupiter-FL,-80.0942087,26.9342246
620,Idaho Falls-ID,-112.0339645,43.4916514
621,Dubuque-IA,-90.6645718,42.5005583
622,Bartlett-TN,-89.8739753,35.2045328
623,Rowlett-TX,-96.56388,32.9029017
624,Novi-MI,-83.4754913,42.48059
625,White Plains-NY,-73.7629097,41.0339862
626,Arcadia-CA,-118.0353449,34.1397292
627,Redmond-WA,-122.121512,47.6739881
628,Lake Elsinore-CA,-117.3272615,33.6680772
629,Ocala-FL,-82.1400923,29.1871986
630,Tinley Park-IL,-87.7932939,41.5731442
631,Port Orange-FL,-80.9956105,29.1383165
632,Medford-MA,-71.1061639,42.4184296
633,Oak Lawn-IL,-87.7479528,41.719978
634,Rocky Mount-NC,-77.7905339,35.9382103
635,Kokomo-IN,-86.1336033,40.486427
636,Coconut Creek-FL,-80.1789351,26.2517482
637,Bowie-MD,-76.7791365,39.0067768
638,Berwyn-IL,-87.7936685,41.8505874
639,Midwest City-OK,-97.3967019,35.4495065
640,Fountain Valley-CA,-117.9536697,33.7091847
641,Buckeye-AZ,-112.5837766,33.3703197
642,Dearborn Heights-MI,-83.2732627,42.3369816
643,Woodland-CA,-121.7732971,38.6785157
644,Noblesville-IN,-86.0085955,40.0455917
645,Valdosta-GA,-83.2784851,30.8327022
646,Diamond Bar-CA,-117.8103367,34.0286226
647,Manhattan-KS,-96.5716694,39.1836082
648,Santee-CA,-116.9739167,32.8383828
649,Taunton-MA,-71.0897674,41.900101
650,Sanford-FL,-81.269453,28.8028612
651,Kettering-OH,-84.1688274,39.6895036
652,New Brunswick-NJ,-74.4518188,40.4862157
653,Decatur-AL,-86.9833417,34.6059253
654,Chicopee-MA,-72.6078672,42.1487043
655,Anderson-IN,-85.6802541,40.1053196
656,Margate-FL,-80.206436,26.2445263
657,Weymouth Town-MA,-70.9410356,42.2180724
658,Hempstead-NY,-73.6187397,40.7062128
659,Corvallis-OR,-123.2620435,44.5645659
660,Eastvale-CA,-117.5848025,33.952463
661,Porterville-CA,-119.0167679,36.06523
662,West Haven-CT,-72.9469711,41.2705484
663,Brentwood-CA,-121.6957863,37.931868
664,Paramount-CA,-118.1597911,33.8894598
665,Grand Forks-ND,-97.0328547,47.9252568
666,Georgetown-TX,-97.6779842,30.6332618
667,St. Peters-MO,-90.6298922,38.7874699
668,Shoreline-WA,-122.3415178,47.7556531
669,Mount Prospect-IL,-87.9372908,42.0664167
670,Hanford-CA,-119.6456844,36.3274502
671,Normal-IL,-88.9906312,40.5142026
672,Rosemead-CA,-118.072846,34.0805651
673,Lehi-UT,-111.8507662,40.3916172
674,Pocatello-ID,-112.4455344,42.8713032
675,Highland-CA,-117.2086513,34.1283442
676,Novato-CA,-122.5697032,38.1074198
677,Port Arthur-TX,-93.939947,29.8849504
678,Carson City-NV,-119.7674034,39.1637984
679,San Marcos-TX,-97.9413941,29.8832749
680,Hendersonville-TN,-86.6199957,36.3047735
681,Elyria-OH,-82.1076486,41.3683798
682,Revere-MA,-71.0119948,42.4084302
683,Pflugerville-TX,-97.6200043,30.4393696
684,Greenwood-IN,-86.1066526,39.6136578
685,Bellevue-NE,-95.9145568,41.1543623
686,Wheaton-IL,-88.1070127,41.8661403
687,Smyrna-GA,-84.5143761,33.8839926
688,Sarasota-FL,-82.5306527,27.3364347
689,Blue Springs-MO,-94.2816148,39.0169509
690,Colton-CA,-117.3136547,34.0739016
691,Euless-TX,-97.0819541,32.8370727
692,Castle Rock-CO,-104.8560902,39.3722121
693,Cathedral City-CA,-116.4668036,33.7805388
694,Kingsport-TN,-82.5618186,36.548434
695,Lake Havasu City-AZ,-114.3224548,34.483901
696,Pensacola-FL,-87.2169149,30.421309
697,Hoboken-NJ,-74.0323626,40.7439905
698,Yucaipa-CA,-117.0430865,34.033625
699,Watsonville-CA,-121.7568946,36.910231
700,Richland-WA,-119.2844621,46.2856907
701,Delano-CA,-119.2470536,35.7688425
702,Hoffman Estates-IL,-88.1227199,42.0629915
703,Florissant-MO,-90.322614,38.789217
704,Placentia-CA,-117.8703363,33.8722371
705,West New York-NJ,-74.0143064,40.7878788
706,Dublin-CA,-121.9357918,37.7021521
707,Oak Park-IL,-87.7845025,41.8850317
708,Peabody-MA,-70.9286609,42.5278731
709,Perth Amboy-NJ,-74.2654234,40.5067723
710,Battle Creek-MI,-85.1797142,42.3211522
711,Bradenton-FL,-82.5748194,27.4989278
712,Gilroy-CA,-121.5682751,37.0057816
713,Milford-CT,-73.064036,41.2306979
714,Albany-OR,-123.1059282,44.6365107
715,Ankeny-IA,-93.6001278,41.7317884
716,La Crosse-WI,-91.2395807,43.8013556
717,Burlington-NC,-79.4377991,36.0956918
718,DeSoto-TX,-96.8570738,32.5896998
719,Harrisonburg-VA,-78.8689155,38.4495688
720,Minnetonka-MN,-93.4687489,44.9211836
721,Elkhart-IN,-85.9766671,41.6819935
722,Lakewood-OH,-81.7981908,41.4819932
723,Glendora-CA,-117.865339,34.1361187
724,Southaven-MS,-90.0125913,34.9889818
725,Charleston-WV,-81.6326234,38.3498195
726,Joplin-MO,-94.513281,37.0842271
727,Enid-OK,-97.8783911,36.3955891
728,Palm Beach Gardens-FL,-80.1386547,26.8233946
729,Brookhaven-GA,-84.3365917,33.8651033
730,Plainfield-NJ,-74.4073736,40.6337136
731,Grand Island-NE,-98.3420118,40.9263957
732,Palm Desert-CA,-116.3744556,33.7222445
733,Huntersville-NC,-80.8428504,35.410694
734,Tigard-OR,-122.7714861,45.4312294
735,Lenexa-KS,-94.7335709,38.9536174
736,Saginaw-MI,-83.9508068,43.4194699
737,Kentwood-MI,-85.6447492,42.8694731
738,Doral-FL,-80.3553302,25.8195424
739,Apple Valley-MN,-93.21772,44.7319094
740,Grapevine-TX,-97.0780654,32.9342919
741,Aliso Viejo-CA,-117.7256083,33.5676842
742,Sammamish-WA,-122.0355736,47.6162683
743,Casa Grande-AZ,-111.7573521,32.8795022
744,Pinellas Park-FL,-82.6995443,27.8428025
745,Troy-NY,-73.6917851,42.7284117
746,West Sacramento-CA,-121.530234,38.5804609
747,Burien-WA,-122.3467918,47.4703767
748,Commerce City-CO,-104.9338675,39.8083196
749,Monroe-LA,-92.1193012,32.5093109
750,Cerritos-CA,-118.0647871,33.8583483
751,Downers Grove-IL,-88.0111746,41.8089191
752,Coral Gables-FL,-80.2683838,25.72149
753,Wilson-NC,-77.9155395,35.7212689
754,Niagara Falls-NY,-79.0377388,43.0962143
755,Poway-CA,-117.0358646,32.9628232
756,Edina-MN,-93.3499489,44.8896866
757,Cuyahoga Falls-OH,-81.4845585,41.1339449
758,Rancho Santa Margarita-CA,-117.603104,33.640855
759,Harrisburg-PA,-76.8867008,40.2731911
760,Huntington-WV,-82.445154,38.4192496
761,La Mirada-CA,-118.0120086,33.9172357
762,Cypress-CA,-118.0372852,33.8169599
763,Caldwell-ID,-116.6873596,43.6629384
764,Logan-UT,-111.8338359,41.7369803
765,Galveston-TX,-94.7976958,29.3013479
766,Sheboygan-WI,-87.71453,43.7508284
767,Middletown-OH,-84.3982763,39.5150576
768,Murray-UT,-111.8879909,40.6668916
769,Roswell-NM,-104.5230242,33.3942655
770,Parker-CO,-104.7613633,39.5186002
771,Bedford-TX,-97.1430671,32.844017
772,East Lansing-MI,-84.4838654,42.7369792
773,Methuen-MA,-71.1908924,42.7262016
774,Covina-CA,-117.8903397,34.0900091
775,Alexandria-LA,-92.4451371,31.3112936
776,Olympia-WA,-122.9006951,47.0378741
777,Euclid-OH,-81.5267873,41.5931049
778,Mishawaka-IN,-86.1586156,41.6619927
779,Salina-KS,-97.6114237,38.8402805
780,Azusa-CA,-117.9075627,34.1336186
781,Newark-OH,-82.4012642,40.0581205
782,Chesterfield-MO,-90.5770675,38.6631083
783,Leesburg-VA,-77.5636015,39.1156615
784,Dunwoody-GA,-84.3346473,33.9462125
785,Hattiesburg-MS,-89.2903392,31.3271189
786,Roseville-MI,-82.9371409,42.4972583
787,Bonita Springs-FL,-81.7786972,26.339806
788,Portage-MI,-85.5800022,42.2011538
789,St. Louis Park-MN,-93.3702186,44.9597376
790,Collierville-TN,-89.6645266,35.042036
791,Middletown-CT,-72.6506488,41.5623209
792,Stillwater-OK,-97.0583681,36.1156071
793,East Providence-RI,-71.3700545,41.8137116
794,Lawrence-IN,-86.0252612,39.8386516
795,Wauwatosa-WI,-88.0075875,43.0494572
796,Mentor-OH,-81.339552,41.6661573
797,Ceres-CA,-120.9577098,37.5949316
798,Cedar Hill-TX,-96.9561152,32.5884689
799,Mansfield-OH,-82.5154471,40.75839
800,Binghamton-NY,-75.9179738,42.0986867
801,Coeur d'Alene-ID,-116.7804664,47.6776832
802,San Luis Obispo-CA,-120.6596156,35.2827524
803,Minot-ND,-101.2922906,48.2329668
804,Palm Springs-CA,-116.5452921,33.8302961
805,Pine Bluff-AR,-92.0031955,34.2284312
806,Texas City-TX,-94.9027002,29.383845
807,Summerville-SC,-80.1756481,33.0185039
808,Twin Falls-ID,-114.4608711,42.5629668
809,Jeffersonville-IN,-85.7371847,38.2775702
810,San Jacinto-CA,-116.958635,33.7839084
811,Madison-AL,-86.7483318,34.6992579
812,Altoona-PA,-78.3947359,40.5186809
813,Columbus-IN,-85.9213796,39.2014404
814,Beavercreek-OH,-84.0632685,39.7092262
815,Apopka-FL,-81.5322149,28.6934076
816,Elmhurst-IL,-87.9403418,41.8994744
817,Maricopa-AZ,-112.0476423,33.0581063
818,Farmington-NM,-108.2186856,36.7280583
819,Glenview-IL,-87.7878408,42.0697509
820,Cleveland Heights-OH,-81.556235,41.5200518
821,Draper-UT,-111.8638226,40.5246711
822,Lincoln-CA,-121.2930079,38.891565
823,Sierra Vista-AZ,-110.2772856,31.5455001
824,Lacey-WA,-122.8231915,47.0342629
825,Biloxi-MS,-88.8853078,30.3960318
826,Strongsville-OH,-81.83569,41.3144966
827,Barnstable Town-MA,-70.3002024,41.7003208
828,Wylie-TX,-96.5388789,33.0151201
829,Sayreville-NJ,-74.360846,40.4594021
830,Kannapolis-NC,-80.6217341,35.4873613
831,Charlottesville-VA,-78.4766781,38.0293059
832,Littleton-CO,-105.0166498,39.613321
833,Titusville-FL,-80.8075537,28.6122187
834,Hackensack-NJ,-74.0434736,40.8859325
835,Newark-CA,-122.0402399,37.5296593
836,Pittsfield-MA,-73.2453824,42.4500845
837,York-PA,-76.727745,39.9625984
838,Lombard-IL,-88.0078435,41.8800296
839,Attleboro-MA,-71.2856082,41.9445441
840,DeKalb-IL,-88.7503647,41.9294736
841,Blacksburg-VA,-80.4139393,37.2295733
842,Dublin-OH,-83.1140771,40.0992294
843,Haltom City-TX,-97.2691817,32.7995738
844,Lompoc-CA,-120.4579409,34.6391501
845,El Centro-CA,-115.5630514,32.792
846,Danville-CA,-121.9999606,37.8215929
847,Jefferson City-MO,-92.1735164,38.5767017
848,Cutler Bay-FL,-80.3468593,25.5808323
849,Oakland Park-FL,-80.1319893,26.1723065
850,North Miami Beach-FL,-80.1625463,25.9331488
851,Freeport-NY,-73.5831835,40.6576022
852,Moline-IL,-90.5151342,41.5067003
853,Coachella-CA,-116.173894,33.6803003
854,Fort Pierce-FL,-80.3256056,27.4467056
855,Smyrna-TN,-86.5186045,35.9828412
856,Bountiful-UT,-111.880771,40.8893895
857,Fond du Lac-WI,-88.4470508,43.7730448
858,Everett-MA,-71.0536625,42.40843
859,Danville-VA,-79.3950228,36.5859718
860,Keller-TX,-97.229298,32.9341893
861,Belleville-IL,-89.9839935,38.5200504
862,Bell Gardens-CA,-118.1514588,33.9652918
863,Cleveland-TN,-84.8766115,35.1595182
864,North Lauderdale-FL,-80.2258811,26.217305
865,Fairfield-OH,-84.5603187,39.3454673
866,Salem-MA,-70.8967155,42.51954
867,Rancho Palos Verdes-CA,-118.3870173,33.7444613
868,San Bruno-CA,-122.4110835,37.6304904
869,Concord-NH,-71.5375718,43.2081366
870,Burlington-VT,-73.212072,44.4758825
871,Apex-NC,-78.8502856,35.732652
872,Midland-MI,-84.2472116,43.6155825
873,Altamonte Springs-FL,-81.3656242,28.6611089
874,Hutchinson-KS,-97.9297743,38.0608445
875,Buffalo Grove-IL,-87.9631308,42.1662831
876,Urbandale-IA,-93.7121656,41.6266555
877,State College-PA,-77.8600012,40.7933949
878,Urbana-IL,-88.2072697,40.1105875
879,Plainfield-IL,-88.2120315,41.632223
880,Manassas-VA,-77.4752667,38.7509488
881,Bartlett-IL,-88.1856301,41.9950276
882,Kearny-NJ,-74.1454214,40.7684342
883,Oro Valley-AZ,-110.966488,32.3909071
884,Findlay-OH,-83.6499321,41.04422
885,Rohnert Park-CA,-122.7010984,38.3396367
886,Linden-NJ,-74.2445902,40.6220478
887,Westfield-MA,-72.749538,42.1250929
888,Sumter-SC,-80.3414693,33.9204354
889,Wilkes-Barre-PA,-75.8813075,41.2459149
890,Woonsocket-RI,-71.5147839,42.0028761
891,Leominster-MA,-71.759794,42.5250906
892,Shelton-CT,-73.0931641,41.3164856
893,Brea-CA,-117.9000604,33.9166805
894,Covington-KY,-84.5085536,39.0836712
895,Rockwall-TX,-96.4597089,32.9312336
896,Meridian-MS,-88.703656,32.3643098
897,Riverton-UT,-111.9391023,40.521893
898,St. Cloud-FL,-81.2811801,28.2489016
899,Quincy-IL,-91.4098726,39.9356016
900,Morgan Hill-CA,-121.6543901,37.1305012
901,Warren-OH,-80.8184166,41.2375569
902,Edmonds-WA,-122.3773552,47.8106521
903,Burleson-TX,-97.3208492,32.5420821
904,Beverly-MA,-70.880049,42.5584283
905,Mankato-MN,-93.9993996,44.1635775
906,Hagerstown-MD,-77.7199932,39.6417629
907,Prescott-AZ,-112.4685025,34.5400242
908,Campbell-CA,-121.9499568,37.2871651
909,Cedar Falls-IA,-92.4453161,42.5348993
910,Beaumont-CA,-116.977248,33.9294606
911,La Puente-CA,-117.9495083,34.0200114
912,Crystal Lake-IL,-88.3161965,42.2411344
913,Fitchburg-MA,-71.8022955,42.5834228
914,Carol Stream-IL,-88.1347927,41.9125286
915,Hickory-NC,-81.3444573,35.7344538
916,Streamwood-IL,-88.1784085,42.0255827
917,Norwich-CT,-72.0759105,41.5242649
918,Coppell-TX,-97.0150078,32.9545687
919,San Gabriel-CA,-118.1058333,34.0961111
920,Holyoke-MA,-72.6162009,42.2042586
921,Bentonville-AR,-94.2088172,36.3728538
922,Florence-AL,-87.677251,34.79981
923,Peachtree Corners-GA,-84.2214551,33.9698929
924,Brentwood-TN,-86.7827772,36.0331164
925,Bozeman-MT,-111.0429339,45.6769979
926,New Berlin-WI,-88.1084224,42.9764027
927,Goose Creek-SC,-80.0325867,32.9810059
928,Huntsville-TX,-95.5507771,30.7235263
929,Prescott Valley-AZ,-112.315721,34.6100243
930,Maplewood-MN,-92.9952153,44.9530215
931,Romeoville-IL,-88.0895061,41.6475306
932,Duncanville-TX,-96.9083366,32.6518004
933,Atlantic City-NJ,-74.4229266,39.3642834
934,Clovis-NM,-103.2052272,34.4047987
935,The Colony-TX,-96.8928309,33.0806083
936,Culver City-CA,-118.3964665,34.0211224
937,Marlborough-MA,-71.5522874,42.3459271
938,Hilton Head Island-SC,-80.752608,32.216316
939,Moorhead-MN,-96.7678039,46.8737648
940,Calexico-CA,-115.4988834,32.6789476
941,Bullhead City-AZ,-114.5285981,35.1359386
942,Germantown-TN,-89.8100858,35.0867577
943,La Quinta-CA,-116.3100095,33.6633573
944,Lancaster-OH,-82.5993294,39.7136754
945,Wausau-WI,-89.6301221,44.9591352
946,Sherman-TX,-96.6088805,33.6356618
947,Ocoee-FL,-81.5439619,28.5691677
948,Shakopee-MN,-93.5272861,44.7973962
949,Woburn-MA,-71.1522765,42.4792618
950,Bremerton-WA,-122.6329356,47.5673202
951,Rock Island-IL,-90.5787476,41.5094771
952,Muskogee-OK,-95.3696909,35.7478769
953,Cape Girardeau-MO,-89.5181476,37.3058839
954,Annapolis-MD,-76.4921829,38.9784453
955,Greenacres-FL,-80.1353896,26.6276276
956,Ormond Beach-FL,-81.0558894,29.2858129
957,Hallandale Beach-FL,-80.148379,25.9812024
958,Stanton-CA,-117.9931165,33.8025155
959,Puyallup-WA,-122.2928974,47.1853785
960,Pacifica-CA,-122.4869194,37.6138253
961,Hanover Park-IL,-88.1450735,41.9994722
962,Hurst-TX,-97.1705678,32.8234621
963,Lima-OH,-84.1052256,40.742551
964,Marana-AZ,-111.2224422,32.436381
965,Carpentersville-IL,-88.2578582,42.1211364
966,Oakley-CA,-121.7124536,37.9974219
967,Huber Heights-OH,-84.1246608,39.843947
968,Lancaster-TX,-96.7561082,32.5920798
969,Montclair-CA,-117.6897776,34.0775104
970,Wheeling-IL,-87.9289591,42.1391927
971,Brookfield-WI,-88.1064787,43.0605671
972,Park Ridge-IL,-87.8406192,42.0111412
973,Florence-SC,-79.7625625,34.1954331
974,Roy-UT,-112.0263313,41.1616108
975,Winter Garden-FL,-81.5861847,28.5652787
976,Chelsea-MA,-71.0328284,42.3917638
977,Valley Stream-NY,-73.7084645,40.6642699
978,Spartanburg-SC,-81.9320482,34.9495672
979,Lake Oswego-OR,-122.6706498,45.4206749
980,Friendswood-TX,-95.2010447,29.5293998
981,Westerville-OH,-82.9290696,40.1261743
982,Northglenn-CO,-104.9811468,39.8961821
983,Phenix City-AL,-85.0007653,32.4709761
984,Grove City-OH,-83.0929644,39.8814519
985,Texarkana-TX,-94.0476882,33.425125
986,Addison-IL,-87.9889556,41.931696
987,Dover-DE,-75.5243682,39.158168
988,Lincoln Park-MI,-83.1785361,42.2505943
989,Calumet City-IL,-87.5294871,41.6155909
990,Muskegon-MI,-86.2483921,43.2341813
991,Aventura-FL,-80.1392121,25.9564812
992,Martinez-CA,-122.1341321,38.0193657
993,Greenfield-WI,-88.0125865,42.9614039
994,Apache Junction-AZ,-111.5495777,33.4150485
995,Monrovia-CA,-118.0019482,34.1442616
996,Weslaco-TX,-97.9908366,26.1595194
997,Keizer-OR,-123.0262077,44.9901194
998,Spanish Fork-UT,-111.654923,40.114955
999,Beloit-WI,-89.0317765,42.5083482
1000,Panama City-FL,-85.6602058,30.1588129